{
    "name": "jumpToDashboard",
    "source": [
        "js/config.js",
        "js/services/versionChecker.js",
        "js/drilledDashboardDisplay/DrilledDashboardDisplay.js",
        "js/drilledDashboardDisplay/DrilledDashboardDisplayTab.js",
        "js/drilledDashboardDisplay/DrilledDashboardDisplayNewTab.js",
        "js/drilledDashboardDisplay/DrilledDashboardDisplayCurrentTab.js",
        "js/drilledDashboardDisplay/DrilledDashboardDisplayModal.js",
        "js/drilledDashboardDisplay/Error-Directive.js",
        "js/drillToDashboardNavigateType/DrillToDashboardNavigateType.js",
        "js/drillToDashboardNavigateType/DrillToDashboardNavigateTypeClick.js",
        "js/drillToDashboardNavigateType/DrillToDashboardNavigateTypeLink.js",
        "js/drillToDashboardNavigateType/DrillToDashboardNavigateTypeRightClick.js",
        "js/drillToDashboardNavigateType/RightClickMenuFactory.js",
        "js/drilledDashboardSelection/drilledDashboardSelection.js",
        "js/drilledDashboardSelection/DrilledDashboardSelectionId.js",
        "js/drilledDashboardSelection/DrilledDashboardSelectionMenu.js",
        "js/services/dashboardHideService.js",
        "js/services/dashboardUpdateAttributesService.js",
        "js/directives/homeTilesListDirective.js",
        "js/directives/listItemHolderDirective.js",
        "js/directives/navverHideActionDirective.js",
        "js/directives/navverDashActionsDirective.js",
        "js/jumpToDashboard.js"
    ],
    "style": [
        "styles/style.css"
    ],
    "lastUpdate": "2019-08-09T08:59:38.161Z",
    "folderName": "jumpToDashboard",
    "isEnabled": true,
    "version": "0"
}